car,buying,maint,doors,persons,lug_boot,safety,car_acceptabillity
c1,vhigh,vhigh,2,2,small,low,unacc
c2,vhigh,vhigh,2,2,small,med,unacc
c3,vhigh,vhigh,2,2,small,high,unacc
c4,vhigh,vhigh,2,2,med,low,unacc
c5,vhigh,vhigh,2,2,med,med,unacc
c6,vhigh,vhigh,2,2,med,high,unacc
c7,vhigh,vhigh,2,2,big,low,unacc
c8,vhigh,vhigh,2,2,big,med,unacc
c9,vhigh,vhigh,2,2,big,high,unacc
c10,vhigh,vhigh,2,4,small,low,unacc
c11,vhigh,vhigh,2,4,small,med,unacc
c12,vhigh,vhigh,2,4,small,high,unacc
c13,vhigh,vhigh,2,4,med,low,unacc
c14,vhigh,vhigh,2,4,med,med,unacc
c15,vhigh,vhigh,2,4,med,high,unacc
c16,vhigh,vhigh,2,4,big,low,unacc
c17,vhigh,vhigh,2,4,big,med,unacc
c18,vhigh,vhigh,2,4,big,high,unacc
c19,vhigh,vhigh,2,more,small,low,unacc
c20,vhigh,vhigh,2,more,small,med,unacc
c21,vhigh,vhigh,2,more,small,high,unacc
c22,vhigh,vhigh,2,more,med,low,unacc
c23,vhigh,vhigh,2,more,med,med,unacc
c24,vhigh,vhigh,2,more,med,high,unacc
c25,vhigh,vhigh,2,more,big,low,unacc
c26,vhigh,vhigh,2,more,big,med,unacc
c27,vhigh,vhigh,2,more,big,high,unacc
c28,vhigh,vhigh,3,2,small,low,unacc
c29,vhigh,vhigh,3,2,small,med,unacc
c30,vhigh,vhigh,3,2,small,high,unacc
c31,vhigh,vhigh,3,2,med,low,unacc
c32,vhigh,vhigh,3,2,med,med,unacc
c33,vhigh,vhigh,3,2,med,high,unacc
c34,vhigh,vhigh,3,2,big,low,unacc
c35,vhigh,vhigh,3,2,big,med,unacc
c36,vhigh,vhigh,3,2,big,high,unacc
c37,vhigh,vhigh,3,4,small,low,unacc
c38,vhigh,vhigh,3,4,small,med,unacc
c39,vhigh,vhigh,3,4,small,high,unacc
c40,vhigh,vhigh,3,4,med,low,unacc
c41,vhigh,vhigh,3,4,med,med,unacc
c42,vhigh,vhigh,3,4,med,high,unacc
c43,vhigh,vhigh,3,4,big,low,unacc
c44,vhigh,vhigh,3,4,big,med,unacc
c45,vhigh,vhigh,3,4,big,high,unacc
c46,vhigh,vhigh,3,more,small,low,unacc
c47,vhigh,vhigh,3,more,small,med,unacc
c48,vhigh,vhigh,3,more,small,high,unacc
c49,vhigh,vhigh,3,more,med,low,unacc
c50,vhigh,vhigh,3,more,med,med,unacc
c51,vhigh,vhigh,3,more,med,high,unacc
c52,vhigh,vhigh,3,more,big,low,unacc
c53,vhigh,vhigh,3,more,big,med,unacc
c54,vhigh,vhigh,3,more,big,high,unacc
c55,vhigh,vhigh,4,2,small,low,unacc
c56,vhigh,vhigh,4,2,small,med,unacc
c57,vhigh,vhigh,4,2,small,high,unacc
c58,vhigh,vhigh,4,2,med,low,unacc
c59,vhigh,vhigh,4,2,med,med,unacc
c60,vhigh,vhigh,4,2,med,high,unacc
c61,vhigh,vhigh,4,2,big,low,unacc
c62,vhigh,vhigh,4,2,big,med,unacc
c63,vhigh,vhigh,4,2,big,high,unacc
c64,vhigh,vhigh,4,4,small,low,unacc
c65,vhigh,vhigh,4,4,small,med,unacc
c66,vhigh,vhigh,4,4,small,high,unacc
c67,vhigh,vhigh,4,4,med,low,unacc
c68,vhigh,vhigh,4,4,med,med,unacc
c69,vhigh,vhigh,4,4,med,high,unacc
c70,vhigh,vhigh,4,4,big,low,unacc
c71,vhigh,vhigh,4,4,big,med,unacc
c72,vhigh,vhigh,4,4,big,high,unacc
c73,vhigh,vhigh,4,more,small,low,unacc
c74,vhigh,vhigh,4,more,small,med,unacc
c75,vhigh,vhigh,4,more,small,high,unacc
c76,vhigh,vhigh,4,more,med,low,unacc
c77,vhigh,vhigh,4,more,med,med,unacc
c78,vhigh,vhigh,4,more,med,high,unacc
c79,vhigh,vhigh,4,more,big,low,unacc
c80,vhigh,vhigh,4,more,big,med,unacc
c81,vhigh,vhigh,4,more,big,high,unacc
c82,vhigh,vhigh,5more,2,small,low,unacc
c83,vhigh,vhigh,5more,2,small,med,unacc
c84,vhigh,vhigh,5more,2,small,high,unacc
c85,vhigh,vhigh,5more,2,med,low,unacc
c86,vhigh,vhigh,5more,2,med,med,unacc
c87,vhigh,vhigh,5more,2,med,high,unacc
c88,vhigh,vhigh,5more,2,big,low,unacc
c89,vhigh,vhigh,5more,2,big,med,unacc
c90,vhigh,vhigh,5more,2,big,high,unacc
c91,vhigh,vhigh,5more,4,small,low,unacc
c92,vhigh,vhigh,5more,4,small,med,unacc
c93,vhigh,vhigh,5more,4,small,high,unacc
c94,vhigh,vhigh,5more,4,med,low,unacc
c95,vhigh,vhigh,5more,4,med,med,unacc
c96,vhigh,vhigh,5more,4,med,high,unacc
c97,vhigh,vhigh,5more,4,big,low,unacc
c98,vhigh,vhigh,5more,4,big,med,unacc
c99,vhigh,vhigh,5more,4,big,high,unacc
c100,vhigh,vhigh,5more,more,small,low,unacc
c101,vhigh,vhigh,5more,more,small,med,unacc
c102,vhigh,vhigh,5more,more,small,high,unacc
c103,vhigh,vhigh,5more,more,med,low,unacc
c104,vhigh,vhigh,5more,more,med,med,unacc
c105,vhigh,vhigh,5more,more,med,high,unacc
c106,vhigh,vhigh,5more,more,big,low,unacc
c107,vhigh,vhigh,5more,more,big,med,unacc
c108,vhigh,vhigh,5more,more,big,high,unacc
c109,vhigh,high,2,2,small,low,unacc
c110,vhigh,high,2,2,small,med,unacc
c111,vhigh,high,2,2,small,high,unacc
c112,vhigh,high,2,2,med,low,unacc
c113,vhigh,high,2,2,med,med,unacc
c114,vhigh,high,2,2,med,high,unacc
c115,vhigh,high,2,2,big,low,unacc
c116,vhigh,high,2,2,big,med,unacc
c117,vhigh,high,2,2,big,high,unacc
c118,vhigh,high,2,4,small,low,unacc
c119,vhigh,high,2,4,small,med,unacc
c120,vhigh,high,2,4,small,high,unacc
c121,vhigh,high,2,4,med,low,unacc
c122,vhigh,high,2,4,med,med,unacc
c123,vhigh,high,2,4,med,high,unacc
c124,vhigh,high,2,4,big,low,unacc
c125,vhigh,high,2,4,big,med,unacc
c126,vhigh,high,2,4,big,high,unacc
c127,vhigh,high,2,more,small,low,unacc
c128,vhigh,high,2,more,small,med,unacc
c129,vhigh,high,2,more,small,high,unacc
c130,vhigh,high,2,more,med,low,unacc
c131,vhigh,high,2,more,med,med,unacc
c132,vhigh,high,2,more,med,high,unacc
c133,vhigh,high,2,more,big,low,unacc
c134,vhigh,high,2,more,big,med,unacc
c135,vhigh,high,2,more,big,high,unacc
c136,vhigh,high,3,2,small,low,unacc
c137,vhigh,high,3,2,small,med,unacc
c138,vhigh,high,3,2,small,high,unacc
c139,vhigh,high,3,2,med,low,unacc
c140,vhigh,high,3,2,med,med,unacc
c141,vhigh,high,3,2,med,high,unacc
c142,vhigh,high,3,2,big,low,unacc
c143,vhigh,high,3,2,big,med,unacc
c144,vhigh,high,3,2,big,high,unacc
c145,vhigh,high,3,4,small,low,unacc
c146,vhigh,high,3,4,small,med,unacc
c147,vhigh,high,3,4,small,high,unacc
c148,vhigh,high,3,4,med,low,unacc
c149,vhigh,high,3,4,med,med,unacc
c150,vhigh,high,3,4,med,high,unacc
c151,vhigh,high,3,4,big,low,unacc
c152,vhigh,high,3,4,big,med,unacc
c153,vhigh,high,3,4,big,high,unacc
c154,vhigh,high,3,more,small,low,unacc
c155,vhigh,high,3,more,small,med,unacc
c156,vhigh,high,3,more,small,high,unacc
c157,vhigh,high,3,more,med,low,unacc
c158,vhigh,high,3,more,med,med,unacc
c159,vhigh,high,3,more,med,high,unacc
c160,vhigh,high,3,more,big,low,unacc
c161,vhigh,high,3,more,big,med,unacc
c162,vhigh,high,3,more,big,high,unacc
c163,vhigh,high,4,2,small,low,unacc
c164,vhigh,high,4,2,small,med,unacc
c165,vhigh,high,4,2,small,high,unacc
c166,vhigh,high,4,2,med,low,unacc
c167,vhigh,high,4,2,med,med,unacc
c168,vhigh,high,4,2,med,high,unacc
c169,vhigh,high,4,2,big,low,unacc
c170,vhigh,high,4,2,big,med,unacc
c171,vhigh,high,4,2,big,high,unacc
c172,vhigh,high,4,4,small,low,unacc
c173,vhigh,high,4,4,small,med,unacc
c174,vhigh,high,4,4,small,high,unacc
c175,vhigh,high,4,4,med,low,unacc
c176,vhigh,high,4,4,med,med,unacc
c177,vhigh,high,4,4,med,high,unacc
c178,vhigh,high,4,4,big,low,unacc
c179,vhigh,high,4,4,big,med,unacc
c180,vhigh,high,4,4,big,high,unacc
c181,vhigh,high,4,more,small,low,unacc
c182,vhigh,high,4,more,small,med,unacc
c183,vhigh,high,4,more,small,high,unacc
c184,vhigh,high,4,more,med,low,unacc
c185,vhigh,high,4,more,med,med,unacc
c186,vhigh,high,4,more,med,high,unacc
c187,vhigh,high,4,more,big,low,unacc
c188,vhigh,high,4,more,big,med,unacc
c189,vhigh,high,4,more,big,high,unacc
c190,vhigh,high,5more,2,small,low,unacc
c191,vhigh,high,5more,2,small,med,unacc
c192,vhigh,high,5more,2,small,high,unacc
c193,vhigh,high,5more,2,med,low,unacc
c194,vhigh,high,5more,2,med,med,unacc
c195,vhigh,high,5more,2,med,high,unacc
c196,vhigh,high,5more,2,big,low,unacc
c197,vhigh,high,5more,2,big,med,unacc
c198,vhigh,high,5more,2,big,high,unacc
c199,vhigh,high,5more,4,small,low,unacc
c200,vhigh,high,5more,4,small,med,unacc
c201,vhigh,high,5more,4,small,high,unacc
c202,vhigh,high,5more,4,med,low,unacc
c203,vhigh,high,5more,4,med,med,unacc
c204,vhigh,high,5more,4,med,high,unacc
c205,vhigh,high,5more,4,big,low,unacc
c206,vhigh,high,5more,4,big,med,unacc
c207,vhigh,high,5more,4,big,high,unacc
c208,vhigh,high,5more,more,small,low,unacc
c209,vhigh,high,5more,more,small,med,unacc
c210,vhigh,high,5more,more,small,high,unacc
c211,vhigh,high,5more,more,med,low,unacc
c212,vhigh,high,5more,more,med,med,unacc
c213,vhigh,high,5more,more,med,high,unacc
c214,vhigh,high,5more,more,big,low,unacc
c215,vhigh,high,5more,more,big,med,unacc
c216,vhigh,high,5more,more,big,high,unacc
c217,vhigh,med,2,2,small,low,unacc
c218,vhigh,med,2,2,small,med,unacc
c219,vhigh,med,2,2,small,high,unacc
c220,vhigh,med,2,2,med,low,unacc
c221,vhigh,med,2,2,med,med,unacc
c222,vhigh,med,2,2,med,high,unacc
c223,vhigh,med,2,2,big,low,unacc
c224,vhigh,med,2,2,big,med,unacc
c225,vhigh,med,2,2,big,high,unacc
c226,vhigh,med,2,4,small,low,unacc
c227,vhigh,med,2,4,small,med,unacc
c228,vhigh,med,2,4,small,high,acc
c229,vhigh,med,2,4,med,low,unacc
c230,vhigh,med,2,4,med,med,unacc
c231,vhigh,med,2,4,med,high,acc
c232,vhigh,med,2,4,big,low,unacc
c233,vhigh,med,2,4,big,med,acc
c234,vhigh,med,2,4,big,high,acc
c235,vhigh,med,2,more,small,low,unacc
c236,vhigh,med,2,more,small,med,unacc
c237,vhigh,med,2,more,small,high,unacc
c238,vhigh,med,2,more,med,low,unacc
c239,vhigh,med,2,more,med,med,unacc
c240,vhigh,med,2,more,med,high,acc
c241,vhigh,med,2,more,big,low,unacc
c242,vhigh,med,2,more,big,med,acc
c243,vhigh,med,2,more,big,high,acc
c244,vhigh,med,3,2,small,low,unacc
c245,vhigh,med,3,2,small,med,unacc
c246,vhigh,med,3,2,small,high,unacc
c247,vhigh,med,3,2,med,low,unacc
c248,vhigh,med,3,2,med,med,unacc
c249,vhigh,med,3,2,med,high,unacc
c250,vhigh,med,3,2,big,low,unacc
c251,vhigh,med,3,2,big,med,unacc
c252,vhigh,med,3,2,big,high,unacc
c253,vhigh,med,3,4,small,low,unacc
c254,vhigh,med,3,4,small,med,unacc
c255,vhigh,med,3,4,small,high,acc
c256,vhigh,med,3,4,med,low,unacc
c257,vhigh,med,3,4,med,med,unacc
c258,vhigh,med,3,4,med,high,acc
c259,vhigh,med,3,4,big,low,unacc
c260,vhigh,med,3,4,big,med,acc
c261,vhigh,med,3,4,big,high,acc
c262,vhigh,med,3,more,small,low,unacc
c263,vhigh,med,3,more,small,med,unacc
c264,vhigh,med,3,more,small,high,acc
c265,vhigh,med,3,more,med,low,unacc
c266,vhigh,med,3,more,med,med,acc
c267,vhigh,med,3,more,med,high,acc
c268,vhigh,med,3,more,big,low,unacc
c269,vhigh,med,3,more,big,med,acc
c270,vhigh,med,3,more,big,high,acc
c271,vhigh,med,4,2,small,low,unacc
c272,vhigh,med,4,2,small,med,unacc
c273,vhigh,med,4,2,small,high,unacc
c274,vhigh,med,4,2,med,low,unacc
c275,vhigh,med,4,2,med,med,unacc
c276,vhigh,med,4,2,med,high,unacc
c277,vhigh,med,4,2,big,low,unacc
c278,vhigh,med,4,2,big,med,unacc
c279,vhigh,med,4,2,big,high,unacc
c280,vhigh,med,4,4,small,low,unacc
c281,vhigh,med,4,4,small,med,unacc
c282,vhigh,med,4,4,small,high,acc
c283,vhigh,med,4,4,med,low,unacc
c284,vhigh,med,4,4,med,med,acc
c285,vhigh,med,4,4,med,high,acc
c286,vhigh,med,4,4,big,low,unacc
c287,vhigh,med,4,4,big,med,acc
c288,vhigh,med,4,4,big,high,acc
c289,vhigh,med,4,more,small,low,unacc
c290,vhigh,med,4,more,small,med,unacc
c291,vhigh,med,4,more,small,high,acc
c292,vhigh,med,4,more,med,low,unacc
c293,vhigh,med,4,more,med,med,acc
c294,vhigh,med,4,more,med,high,acc
c295,vhigh,med,4,more,big,low,unacc
c296,vhigh,med,4,more,big,med,acc
c297,vhigh,med,4,more,big,high,acc
c298,vhigh,med,5more,2,small,low,unacc
c299,vhigh,med,5more,2,small,med,unacc
c300,vhigh,med,5more,2,small,high,unacc
c301,vhigh,med,5more,2,med,low,unacc
c302,vhigh,med,5more,2,med,med,unacc
c303,vhigh,med,5more,2,med,high,unacc
c304,vhigh,med,5more,2,big,low,unacc
c305,vhigh,med,5more,2,big,med,unacc
c306,vhigh,med,5more,2,big,high,unacc
c307,vhigh,med,5more,4,small,low,unacc
c308,vhigh,med,5more,4,small,med,unacc
c309,vhigh,med,5more,4,small,high,acc
c310,vhigh,med,5more,4,med,low,unacc
c311,vhigh,med,5more,4,med,med,acc
c312,vhigh,med,5more,4,med,high,acc
c313,vhigh,med,5more,4,big,low,unacc
c314,vhigh,med,5more,4,big,med,acc
c315,vhigh,med,5more,4,big,high,acc
c316,vhigh,med,5more,more,small,low,unacc
c317,vhigh,med,5more,more,small,med,unacc
c318,vhigh,med,5more,more,small,high,acc
c319,vhigh,med,5more,more,med,low,unacc
c320,vhigh,med,5more,more,med,med,acc
c321,vhigh,med,5more,more,med,high,acc
c322,vhigh,med,5more,more,big,low,unacc
c323,vhigh,med,5more,more,big,med,acc
c324,vhigh,med,5more,more,big,high,acc
c325,vhigh,low,2,2,small,low,unacc
c326,vhigh,low,2,2,small,med,unacc
c327,vhigh,low,2,2,small,high,unacc
c328,vhigh,low,2,2,med,low,unacc
c329,vhigh,low,2,2,med,med,unacc
c330,vhigh,low,2,2,med,high,unacc
c331,vhigh,low,2,2,big,low,unacc
c332,vhigh,low,2,2,big,med,unacc
c333,vhigh,low,2,2,big,high,unacc
c334,vhigh,low,2,4,small,low,unacc
c335,vhigh,low,2,4,small,med,unacc
c336,vhigh,low,2,4,small,high,acc
c337,vhigh,low,2,4,med,low,unacc
c338,vhigh,low,2,4,med,med,unacc
c339,vhigh,low,2,4,med,high,acc
c340,vhigh,low,2,4,big,low,unacc
c341,vhigh,low,2,4,big,med,acc
c342,vhigh,low,2,4,big,high,acc
c343,vhigh,low,2,more,small,low,unacc
c344,vhigh,low,2,more,small,med,unacc
c345,vhigh,low,2,more,small,high,unacc
c346,vhigh,low,2,more,med,low,unacc
c347,vhigh,low,2,more,med,med,unacc
c348,vhigh,low,2,more,med,high,acc
c349,vhigh,low,2,more,big,low,unacc
c350,vhigh,low,2,more,big,med,acc
c351,vhigh,low,2,more,big,high,acc
c352,vhigh,low,3,2,small,low,unacc
c353,vhigh,low,3,2,small,med,unacc
c354,vhigh,low,3,2,small,high,unacc
c355,vhigh,low,3,2,med,low,unacc
c356,vhigh,low,3,2,med,med,unacc
c357,vhigh,low,3,2,med,high,unacc
c358,vhigh,low,3,2,big,low,unacc
c359,vhigh,low,3,2,big,med,unacc
c360,vhigh,low,3,2,big,high,unacc
c361,vhigh,low,3,4,small,low,unacc
c362,vhigh,low,3,4,small,med,unacc
c363,vhigh,low,3,4,small,high,acc
c364,vhigh,low,3,4,med,low,unacc
c365,vhigh,low,3,4,med,med,unacc
c366,vhigh,low,3,4,med,high,acc
c367,vhigh,low,3,4,big,low,unacc
c368,vhigh,low,3,4,big,med,acc
c369,vhigh,low,3,4,big,high,acc
c370,vhigh,low,3,more,small,low,unacc
c371,vhigh,low,3,more,small,med,unacc
c372,vhigh,low,3,more,small,high,acc
c373,vhigh,low,3,more,med,low,unacc
c374,vhigh,low,3,more,med,med,acc
c375,vhigh,low,3,more,med,high,acc
c376,vhigh,low,3,more,big,low,unacc
c377,vhigh,low,3,more,big,med,acc
c378,vhigh,low,3,more,big,high,acc
c379,vhigh,low,4,2,small,low,unacc
c380,vhigh,low,4,2,small,med,unacc
c381,vhigh,low,4,2,small,high,unacc
c382,vhigh,low,4,2,med,low,unacc
c383,vhigh,low,4,2,med,med,unacc
c384,vhigh,low,4,2,med,high,unacc
c385,vhigh,low,4,2,big,low,unacc
c386,vhigh,low,4,2,big,med,unacc
c387,vhigh,low,4,2,big,high,unacc
c388,vhigh,low,4,4,small,low,unacc
c389,vhigh,low,4,4,small,med,unacc
c390,vhigh,low,4,4,small,high,acc
c391,vhigh,low,4,4,med,low,unacc
c392,vhigh,low,4,4,med,med,acc
c393,vhigh,low,4,4,med,high,acc
c394,vhigh,low,4,4,big,low,unacc
c395,vhigh,low,4,4,big,med,acc
c396,vhigh,low,4,4,big,high,acc
c397,vhigh,low,4,more,small,low,unacc
c398,vhigh,low,4,more,small,med,unacc
c399,vhigh,low,4,more,small,high,acc
c400,vhigh,low,4,more,med,low,unacc
c401,vhigh,low,4,more,med,med,acc
c402,vhigh,low,4,more,med,high,acc
c403,vhigh,low,4,more,big,low,unacc
c404,vhigh,low,4,more,big,med,acc
c405,vhigh,low,4,more,big,high,acc
c406,vhigh,low,5more,2,small,low,unacc
c407,vhigh,low,5more,2,small,med,unacc
c408,vhigh,low,5more,2,small,high,unacc
c409,vhigh,low,5more,2,med,low,unacc
c410,vhigh,low,5more,2,med,med,unacc
c411,vhigh,low,5more,2,med,high,unacc
c412,vhigh,low,5more,2,big,low,unacc
c413,vhigh,low,5more,2,big,med,unacc
c414,vhigh,low,5more,2,big,high,unacc
c415,vhigh,low,5more,4,small,low,unacc
c416,vhigh,low,5more,4,small,med,unacc
c417,vhigh,low,5more,4,small,high,acc
c418,vhigh,low,5more,4,med,low,unacc
c419,vhigh,low,5more,4,med,med,acc
c420,vhigh,low,5more,4,med,high,acc
c421,vhigh,low,5more,4,big,low,unacc
c422,vhigh,low,5more,4,big,med,acc
c423,vhigh,low,5more,4,big,high,acc
c424,vhigh,low,5more,more,small,low,unacc
c425,vhigh,low,5more,more,small,med,unacc
c426,vhigh,low,5more,more,small,high,acc
c427,vhigh,low,5more,more,med,low,unacc
c428,vhigh,low,5more,more,med,med,acc
c429,vhigh,low,5more,more,med,high,acc
c430,vhigh,low,5more,more,big,low,unacc
c431,vhigh,low,5more,more,big,med,acc
c432,vhigh,low,5more,more,big,high,acc
c433,high,vhigh,2,2,small,low,unacc
c434,high,vhigh,2,2,small,med,unacc
c435,high,vhigh,2,2,small,high,unacc
c436,high,vhigh,2,2,med,low,unacc
c437,high,vhigh,2,2,med,med,unacc
c438,high,vhigh,2,2,med,high,unacc
c439,high,vhigh,2,2,big,low,unacc
c440,high,vhigh,2,2,big,med,unacc
c441,high,vhigh,2,2,big,high,unacc
c442,high,vhigh,2,4,small,low,unacc
c443,high,vhigh,2,4,small,med,unacc
c444,high,vhigh,2,4,small,high,unacc
c445,high,vhigh,2,4,med,low,unacc
c446,high,vhigh,2,4,med,med,unacc
c447,high,vhigh,2,4,med,high,unacc
c448,high,vhigh,2,4,big,low,unacc
c449,high,vhigh,2,4,big,med,unacc
c450,high,vhigh,2,4,big,high,unacc
c451,high,vhigh,2,more,small,low,unacc
c452,high,vhigh,2,more,small,med,unacc
c453,high,vhigh,2,more,small,high,unacc
c454,high,vhigh,2,more,med,low,unacc
c455,high,vhigh,2,more,med,med,unacc
c456,high,vhigh,2,more,med,high,unacc
c457,high,vhigh,2,more,big,low,unacc
c458,high,vhigh,2,more,big,med,unacc
c459,high,vhigh,2,more,big,high,unacc
c460,high,vhigh,3,2,small,low,unacc
c461,high,vhigh,3,2,small,med,unacc
c462,high,vhigh,3,2,small,high,unacc
c463,high,vhigh,3,2,med,low,unacc
c464,high,vhigh,3,2,med,med,unacc
c465,high,vhigh,3,2,med,high,unacc
c466,high,vhigh,3,2,big,low,unacc
c467,high,vhigh,3,2,big,med,unacc
c468,high,vhigh,3,2,big,high,unacc
c469,high,vhigh,3,4,small,low,unacc
c470,high,vhigh,3,4,small,med,unacc
c471,high,vhigh,3,4,small,high,unacc
c472,high,vhigh,3,4,med,low,unacc
c473,high,vhigh,3,4,med,med,unacc
c474,high,vhigh,3,4,med,high,unacc
c475,high,vhigh,3,4,big,low,unacc
c476,high,vhigh,3,4,big,med,unacc
c477,high,vhigh,3,4,big,high,unacc
c478,high,vhigh,3,more,small,low,unacc
c479,high,vhigh,3,more,small,med,unacc
c480,high,vhigh,3,more,small,high,unacc
c481,high,vhigh,3,more,med,low,unacc
c482,high,vhigh,3,more,med,med,unacc
c483,high,vhigh,3,more,med,high,unacc
c484,high,vhigh,3,more,big,low,unacc
c485,high,vhigh,3,more,big,med,unacc
c486,high,vhigh,3,more,big,high,unacc
c487,high,vhigh,4,2,small,low,unacc
c488,high,vhigh,4,2,small,med,unacc
c489,high,vhigh,4,2,small,high,unacc
c490,high,vhigh,4,2,med,low,unacc
c491,high,vhigh,4,2,med,med,unacc
c492,high,vhigh,4,2,med,high,unacc
c493,high,vhigh,4,2,big,low,unacc
c494,high,vhigh,4,2,big,med,unacc
c495,high,vhigh,4,2,big,high,unacc
c496,high,vhigh,4,4,small,low,unacc
c497,high,vhigh,4,4,small,med,unacc
c498,high,vhigh,4,4,small,high,unacc
c499,high,vhigh,4,4,med,low,unacc
c500,high,vhigh,4,4,med,med,unacc
c501,high,vhigh,4,4,med,high,unacc
c502,high,vhigh,4,4,big,low,unacc
c503,high,vhigh,4,4,big,med,unacc
c504,high,vhigh,4,4,big,high,unacc
c505,high,vhigh,4,more,small,low,unacc
c506,high,vhigh,4,more,small,med,unacc
c507,high,vhigh,4,more,small,high,unacc
c508,high,vhigh,4,more,med,low,unacc
c509,high,vhigh,4,more,med,med,unacc
c510,high,vhigh,4,more,med,high,unacc
c511,high,vhigh,4,more,big,low,unacc
c512,high,vhigh,4,more,big,med,unacc
c513,high,vhigh,4,more,big,high,unacc
c514,high,vhigh,5more,2,small,low,unacc
c515,high,vhigh,5more,2,small,med,unacc
c516,high,vhigh,5more,2,small,high,unacc
c517,high,vhigh,5more,2,med,low,unacc
c518,high,vhigh,5more,2,med,med,unacc
c519,high,vhigh,5more,2,med,high,unacc
c520,high,vhigh,5more,2,big,low,unacc
c521,high,vhigh,5more,2,big,med,unacc
c522,high,vhigh,5more,2,big,high,unacc
c523,high,vhigh,5more,4,small,low,unacc
c524,high,vhigh,5more,4,small,med,unacc
c525,high,vhigh,5more,4,small,high,unacc
c526,high,vhigh,5more,4,med,low,unacc
c527,high,vhigh,5more,4,med,med,unacc
c528,high,vhigh,5more,4,med,high,unacc
c529,high,vhigh,5more,4,big,low,unacc
c530,high,vhigh,5more,4,big,med,unacc
c531,high,vhigh,5more,4,big,high,unacc
c532,high,vhigh,5more,more,small,low,unacc
c533,high,vhigh,5more,more,small,med,unacc
c534,high,vhigh,5more,more,small,high,unacc
c535,high,vhigh,5more,more,med,low,unacc
c536,high,vhigh,5more,more,med,med,unacc
c537,high,vhigh,5more,more,med,high,unacc
c538,high,vhigh,5more,more,big,low,unacc
c539,high,vhigh,5more,more,big,med,unacc
c540,high,vhigh,5more,more,big,high,unacc
c541,high,high,2,2,small,low,unacc
c542,high,high,2,2,small,med,unacc
c543,high,high,2,2,small,high,unacc
c544,high,high,2,2,med,low,unacc
c545,high,high,2,2,med,med,unacc
c546,high,high,2,2,med,high,unacc
c547,high,high,2,2,big,low,unacc
c548,high,high,2,2,big,med,unacc
c549,high,high,2,2,big,high,unacc
c550,high,high,2,4,small,low,unacc
c551,high,high,2,4,small,med,unacc
c552,high,high,2,4,small,high,acc
c553,high,high,2,4,med,low,unacc
c554,high,high,2,4,med,med,unacc
c555,high,high,2,4,med,high,acc
c556,high,high,2,4,big,low,unacc
c557,high,high,2,4,big,med,acc
c558,high,high,2,4,big,high,acc
c559,high,high,2,more,small,low,unacc
c560,high,high,2,more,small,med,unacc
c561,high,high,2,more,small,high,unacc
c562,high,high,2,more,med,low,unacc
c563,high,high,2,more,med,med,unacc
c564,high,high,2,more,med,high,acc
c565,high,high,2,more,big,low,unacc
c566,high,high,2,more,big,med,acc
c567,high,high,2,more,big,high,acc
c568,high,high,3,2,small,low,unacc
c569,high,high,3,2,small,med,unacc
c570,high,high,3,2,small,high,unacc
c571,high,high,3,2,med,low,unacc
c572,high,high,3,2,med,med,unacc
c573,high,high,3,2,med,high,unacc
c574,high,high,3,2,big,low,unacc
c575,high,high,3,2,big,med,unacc
c576,high,high,3,2,big,high,unacc
c577,high,high,3,4,small,low,unacc
c578,high,high,3,4,small,med,unacc
c579,high,high,3,4,small,high,acc
c580,high,high,3,4,med,low,unacc
c581,high,high,3,4,med,med,unacc
c582,high,high,3,4,med,high,acc
c583,high,high,3,4,big,low,unacc
c584,high,high,3,4,big,med,acc
c585,high,high,3,4,big,high,acc
c586,high,high,3,more,small,low,unacc
c587,high,high,3,more,small,med,unacc
c588,high,high,3,more,small,high,acc
c589,high,high,3,more,med,low,unacc
c590,high,high,3,more,med,med,acc
c591,high,high,3,more,med,high,acc
c592,high,high,3,more,big,low,unacc
c593,high,high,3,more,big,med,acc
c594,high,high,3,more,big,high,acc
c595,high,high,4,2,small,low,unacc
c596,high,high,4,2,small,med,unacc
c597,high,high,4,2,small,high,unacc
c598,high,high,4,2,med,low,unacc
c599,high,high,4,2,med,med,unacc
c600,high,high,4,2,med,high,unacc
c601,high,high,4,2,big,low,unacc
c602,high,high,4,2,big,med,unacc
c603,high,high,4,2,big,high,unacc
c604,high,high,4,4,small,low,unacc
c605,high,high,4,4,small,med,unacc
c606,high,high,4,4,small,high,acc
c607,high,high,4,4,med,low,unacc
c608,high,high,4,4,med,med,acc
c609,high,high,4,4,med,high,acc
c610,high,high,4,4,big,low,unacc
c611,high,high,4,4,big,med,acc
c612,high,high,4,4,big,high,acc
c613,high,high,4,more,small,low,unacc
c614,high,high,4,more,small,med,unacc
c615,high,high,4,more,small,high,acc
c616,high,high,4,more,med,low,unacc
c617,high,high,4,more,med,med,acc
c618,high,high,4,more,med,high,acc
c619,high,high,4,more,big,low,unacc
c620,high,high,4,more,big,med,acc
c621,high,high,4,more,big,high,acc
c622,high,high,5more,2,small,low,unacc
c623,high,high,5more,2,small,med,unacc
c624,high,high,5more,2,small,high,unacc
c625,high,high,5more,2,med,low,unacc
c626,high,high,5more,2,med,med,unacc
c627,high,high,5more,2,med,high,unacc
c628,high,high,5more,2,big,low,unacc
c629,high,high,5more,2,big,med,unacc
c630,high,high,5more,2,big,high,unacc
c631,high,high,5more,4,small,low,unacc
c632,high,high,5more,4,small,med,unacc
c633,high,high,5more,4,small,high,acc
c634,high,high,5more,4,med,low,unacc
c635,high,high,5more,4,med,med,acc
c636,high,high,5more,4,med,high,acc
c637,high,high,5more,4,big,low,unacc
c638,high,high,5more,4,big,med,acc
c639,high,high,5more,4,big,high,acc
c640,high,high,5more,more,small,low,unacc
c641,high,high,5more,more,small,med,unacc
c642,high,high,5more,more,small,high,acc
c643,high,high,5more,more,med,low,unacc
c644,high,high,5more,more,med,med,acc
c645,high,high,5more,more,med,high,acc
c646,high,high,5more,more,big,low,unacc
c647,high,high,5more,more,big,med,acc
c648,high,high,5more,more,big,high,acc
c649,high,med,2,2,small,low,unacc
c650,high,med,2,2,small,med,unacc
c651,high,med,2,2,small,high,unacc
c652,high,med,2,2,med,low,unacc
c653,high,med,2,2,med,med,unacc
c654,high,med,2,2,med,high,unacc
c655,high,med,2,2,big,low,unacc
c656,high,med,2,2,big,med,unacc
c657,high,med,2,2,big,high,unacc
c658,high,med,2,4,small,low,unacc
c659,high,med,2,4,small,med,unacc
c660,high,med,2,4,small,high,acc
c661,high,med,2,4,med,low,unacc
c662,high,med,2,4,med,med,unacc
c663,high,med,2,4,med,high,acc
c664,high,med,2,4,big,low,unacc
c665,high,med,2,4,big,med,acc
c666,high,med,2,4,big,high,acc
c667,high,med,2,more,small,low,unacc
c668,high,med,2,more,small,med,unacc
c669,high,med,2,more,small,high,unacc
c670,high,med,2,more,med,low,unacc
c671,high,med,2,more,med,med,unacc
c672,high,med,2,more,med,high,acc
c673,high,med,2,more,big,low,unacc
c674,high,med,2,more,big,med,acc
c675,high,med,2,more,big,high,acc
c676,high,med,3,2,small,low,unacc
c677,high,med,3,2,small,med,unacc
c678,high,med,3,2,small,high,unacc
c679,high,med,3,2,med,low,unacc
c680,high,med,3,2,med,med,unacc
c681,high,med,3,2,med,high,unacc
c682,high,med,3,2,big,low,unacc
c683,high,med,3,2,big,med,unacc
c684,high,med,3,2,big,high,unacc
c685,high,med,3,4,small,low,unacc
c686,high,med,3,4,small,med,unacc
c687,high,med,3,4,small,high,acc
c688,high,med,3,4,med,low,unacc
c689,high,med,3,4,med,med,unacc
c690,high,med,3,4,med,high,acc
c691,high,med,3,4,big,low,unacc
c692,high,med,3,4,big,med,acc
c693,high,med,3,4,big,high,acc
c694,high,med,3,more,small,low,unacc
c695,high,med,3,more,small,med,unacc
c696,high,med,3,more,small,high,acc
c697,high,med,3,more,med,low,unacc
c698,high,med,3,more,med,med,acc
c699,high,med,3,more,med,high,acc
c700,high,med,3,more,big,low,unacc
c701,high,med,3,more,big,med,acc
c702,high,med,3,more,big,high,acc
c703,high,med,4,2,small,low,unacc
c704,high,med,4,2,small,med,unacc
c705,high,med,4,2,small,high,unacc
c706,high,med,4,2,med,low,unacc
c707,high,med,4,2,med,med,unacc
c708,high,med,4,2,med,high,unacc
c709,high,med,4,2,big,low,unacc
c710,high,med,4,2,big,med,unacc
c711,high,med,4,2,big,high,unacc
c712,high,med,4,4,small,low,unacc
c713,high,med,4,4,small,med,unacc
c714,high,med,4,4,small,high,acc
c715,high,med,4,4,med,low,unacc
c716,high,med,4,4,med,med,acc
c717,high,med,4,4,med,high,acc
c718,high,med,4,4,big,low,unacc
c719,high,med,4,4,big,med,acc
c720,high,med,4,4,big,high,acc
c721,high,med,4,more,small,low,unacc
c722,high,med,4,more,small,med,unacc
c723,high,med,4,more,small,high,acc
c724,high,med,4,more,med,low,unacc
c725,high,med,4,more,med,med,acc
c726,high,med,4,more,med,high,acc
c727,high,med,4,more,big,low,unacc
c728,high,med,4,more,big,med,acc
c729,high,med,4,more,big,high,acc
c730,high,med,5more,2,small,low,unacc
c731,high,med,5more,2,small,med,unacc
c732,high,med,5more,2,small,high,unacc
c733,high,med,5more,2,med,low,unacc
c734,high,med,5more,2,med,med,unacc
c735,high,med,5more,2,med,high,unacc
c736,high,med,5more,2,big,low,unacc
c737,high,med,5more,2,big,med,unacc
c738,high,med,5more,2,big,high,unacc
c739,high,med,5more,4,small,low,unacc
c740,high,med,5more,4,small,med,unacc
c741,high,med,5more,4,small,high,acc
c742,high,med,5more,4,med,low,unacc
c743,high,med,5more,4,med,med,acc
c744,high,med,5more,4,med,high,acc
c745,high,med,5more,4,big,low,unacc
c746,high,med,5more,4,big,med,acc
c747,high,med,5more,4,big,high,acc
c748,high,med,5more,more,small,low,unacc
c749,high,med,5more,more,small,med,unacc
c750,high,med,5more,more,small,high,acc
c751,high,med,5more,more,med,low,unacc
c752,high,med,5more,more,med,med,acc
c753,high,med,5more,more,med,high,acc
c754,high,med,5more,more,big,low,unacc
c755,high,med,5more,more,big,med,acc
c756,high,med,5more,more,big,high,acc
c757,high,low,2,2,small,low,unacc
c758,high,low,2,2,small,med,unacc
c759,high,low,2,2,small,high,unacc
c760,high,low,2,2,med,low,unacc
c761,high,low,2,2,med,med,unacc
c762,high,low,2,2,med,high,unacc
c763,high,low,2,2,big,low,unacc
c764,high,low,2,2,big,med,unacc
c765,high,low,2,2,big,high,unacc
c766,high,low,2,4,small,low,unacc
c767,high,low,2,4,small,med,unacc
c768,high,low,2,4,small,high,acc
c769,high,low,2,4,med,low,unacc
c770,high,low,2,4,med,med,unacc
c771,high,low,2,4,med,high,acc
c772,high,low,2,4,big,low,unacc
c773,high,low,2,4,big,med,acc
c774,high,low,2,4,big,high,acc
c775,high,low,2,more,small,low,unacc
c776,high,low,2,more,small,med,unacc
c777,high,low,2,more,small,high,unacc
c778,high,low,2,more,med,low,unacc
c779,high,low,2,more,med,med,unacc
c780,high,low,2,more,med,high,acc
c781,high,low,2,more,big,low,unacc
c782,high,low,2,more,big,med,acc
c783,high,low,2,more,big,high,acc
c784,high,low,3,2,small,low,unacc
c785,high,low,3,2,small,med,unacc
c786,high,low,3,2,small,high,unacc
c787,high,low,3,2,med,low,unacc
c788,high,low,3,2,med,med,unacc
c789,high,low,3,2,med,high,unacc
c790,high,low,3,2,big,low,unacc
c791,high,low,3,2,big,med,unacc
c792,high,low,3,2,big,high,unacc
c793,high,low,3,4,small,low,unacc
c794,high,low,3,4,small,med,unacc
c795,high,low,3,4,small,high,acc
c796,high,low,3,4,med,low,unacc
c797,high,low,3,4,med,med,unacc
c798,high,low,3,4,med,high,acc
c799,high,low,3,4,big,low,unacc
c800,high,low,3,4,big,med,acc
c801,high,low,3,4,big,high,acc
c802,high,low,3,more,small,low,unacc
c803,high,low,3,more,small,med,unacc
c804,high,low,3,more,small,high,acc
c805,high,low,3,more,med,low,unacc
c806,high,low,3,more,med,med,acc
c807,high,low,3,more,med,high,acc
c808,high,low,3,more,big,low,unacc
c809,high,low,3,more,big,med,acc
c810,high,low,3,more,big,high,acc
c811,high,low,4,2,small,low,unacc
c812,high,low,4,2,small,med,unacc
c813,high,low,4,2,small,high,unacc
c814,high,low,4,2,med,low,unacc
c815,high,low,4,2,med,med,unacc
c816,high,low,4,2,med,high,unacc
c817,high,low,4,2,big,low,unacc
c818,high,low,4,2,big,med,unacc
c819,high,low,4,2,big,high,unacc
c820,high,low,4,4,small,low,unacc
c821,high,low,4,4,small,med,unacc
c822,high,low,4,4,small,high,acc
c823,high,low,4,4,med,low,unacc
c824,high,low,4,4,med,med,acc
c825,high,low,4,4,med,high,acc
c826,high,low,4,4,big,low,unacc
c827,high,low,4,4,big,med,acc
c828,high,low,4,4,big,high,acc
c829,high,low,4,more,small,low,unacc
c830,high,low,4,more,small,med,unacc
c831,high,low,4,more,small,high,acc
c832,high,low,4,more,med,low,unacc
c833,high,low,4,more,med,med,acc
c834,high,low,4,more,med,high,acc
c835,high,low,4,more,big,low,unacc
c836,high,low,4,more,big,med,acc
c837,high,low,4,more,big,high,acc
c838,high,low,5more,2,small,low,unacc
c839,high,low,5more,2,small,med,unacc
c840,high,low,5more,2,small,high,unacc
c841,high,low,5more,2,med,low,unacc
c842,high,low,5more,2,med,med,unacc
c843,high,low,5more,2,med,high,unacc
c844,high,low,5more,2,big,low,unacc
c845,high,low,5more,2,big,med,unacc
c846,high,low,5more,2,big,high,unacc
c847,high,low,5more,4,small,low,unacc
c848,high,low,5more,4,small,med,unacc
c849,high,low,5more,4,small,high,acc
c850,high,low,5more,4,med,low,unacc
c851,high,low,5more,4,med,med,acc
c852,high,low,5more,4,med,high,acc
c853,high,low,5more,4,big,low,unacc
c854,high,low,5more,4,big,med,acc
c855,high,low,5more,4,big,high,acc
c856,high,low,5more,more,small,low,unacc
c857,high,low,5more,more,small,med,unacc
c858,high,low,5more,more,small,high,acc
c859,high,low,5more,more,med,low,unacc
c860,high,low,5more,more,med,med,acc
c861,high,low,5more,more,med,high,acc
c862,high,low,5more,more,big,low,unacc
c863,high,low,5more,more,big,med,acc
c864,high,low,5more,more,big,high,acc
c865,med,vhigh,2,2,small,low,unacc
c866,med,vhigh,2,2,small,med,unacc
c867,med,vhigh,2,2,small,high,unacc
c868,med,vhigh,2,2,med,low,unacc
c869,med,vhigh,2,2,med,med,unacc
c870,med,vhigh,2,2,med,high,unacc
c871,med,vhigh,2,2,big,low,unacc
c872,med,vhigh,2,2,big,med,unacc
c873,med,vhigh,2,2,big,high,unacc
c874,med,vhigh,2,4,small,low,unacc
c875,med,vhigh,2,4,small,med,unacc
c876,med,vhigh,2,4,small,high,acc
c877,med,vhigh,2,4,med,low,unacc
c878,med,vhigh,2,4,med,med,unacc
c879,med,vhigh,2,4,med,high,acc
c880,med,vhigh,2,4,big,low,unacc
c881,med,vhigh,2,4,big,med,acc
c882,med,vhigh,2,4,big,high,acc
c883,med,vhigh,2,more,small,low,unacc
c884,med,vhigh,2,more,small,med,unacc
c885,med,vhigh,2,more,small,high,unacc
c886,med,vhigh,2,more,med,low,unacc
c887,med,vhigh,2,more,med,med,unacc
c888,med,vhigh,2,more,med,high,acc
c889,med,vhigh,2,more,big,low,unacc
c890,med,vhigh,2,more,big,med,acc
c891,med,vhigh,2,more,big,high,acc
c892,med,vhigh,3,2,small,low,unacc
c893,med,vhigh,3,2,small,med,unacc
c894,med,vhigh,3,2,small,high,unacc
c895,med,vhigh,3,2,med,low,unacc
c896,med,vhigh,3,2,med,med,unacc
c897,med,vhigh,3,2,med,high,unacc
c898,med,vhigh,3,2,big,low,unacc
c899,med,vhigh,3,2,big,med,unacc
c900,med,vhigh,3,2,big,high,unacc
c901,med,vhigh,3,4,small,low,unacc
c902,med,vhigh,3,4,small,med,unacc
c903,med,vhigh,3,4,small,high,acc
c904,med,vhigh,3,4,med,low,unacc
c905,med,vhigh,3,4,med,med,unacc
c906,med,vhigh,3,4,med,high,acc
c907,med,vhigh,3,4,big,low,unacc
c908,med,vhigh,3,4,big,med,acc
c909,med,vhigh,3,4,big,high,acc
c910,med,vhigh,3,more,small,low,unacc
c911,med,vhigh,3,more,small,med,unacc
c912,med,vhigh,3,more,small,high,acc
c913,med,vhigh,3,more,med,low,unacc
c914,med,vhigh,3,more,med,med,acc
c915,med,vhigh,3,more,med,high,acc
c916,med,vhigh,3,more,big,low,unacc
c917,med,vhigh,3,more,big,med,acc
c918,med,vhigh,3,more,big,high,acc
c919,med,vhigh,4,2,small,low,unacc
c920,med,vhigh,4,2,small,med,unacc
c921,med,vhigh,4,2,small,high,unacc
c922,med,vhigh,4,2,med,low,unacc
c923,med,vhigh,4,2,med,med,unacc
c924,med,vhigh,4,2,med,high,unacc
c925,med,vhigh,4,2,big,low,unacc
c926,med,vhigh,4,2,big,med,unacc
c927,med,vhigh,4,2,big,high,unacc
c928,med,vhigh,4,4,small,low,unacc
c929,med,vhigh,4,4,small,med,unacc
c930,med,vhigh,4,4,small,high,acc
c931,med,vhigh,4,4,med,low,unacc
c932,med,vhigh,4,4,med,med,acc
c933,med,vhigh,4,4,med,high,acc
c934,med,vhigh,4,4,big,low,unacc
c935,med,vhigh,4,4,big,med,acc
c936,med,vhigh,4,4,big,high,acc
c937,med,vhigh,4,more,small,low,unacc
c938,med,vhigh,4,more,small,med,unacc
c939,med,vhigh,4,more,small,high,acc
c940,med,vhigh,4,more,med,low,unacc
c941,med,vhigh,4,more,med,med,acc
c942,med,vhigh,4,more,med,high,acc
c943,med,vhigh,4,more,big,low,unacc
c944,med,vhigh,4,more,big,med,acc
c945,med,vhigh,4,more,big,high,acc
c946,med,vhigh,5more,2,small,low,unacc
c947,med,vhigh,5more,2,small,med,unacc
c948,med,vhigh,5more,2,small,high,unacc
c949,med,vhigh,5more,2,med,low,unacc
c950,med,vhigh,5more,2,med,med,unacc
c951,med,vhigh,5more,2,med,high,unacc
c952,med,vhigh,5more,2,big,low,unacc
c953,med,vhigh,5more,2,big,med,unacc
c954,med,vhigh,5more,2,big,high,unacc
c955,med,vhigh,5more,4,small,low,unacc
c956,med,vhigh,5more,4,small,med,unacc
c957,med,vhigh,5more,4,small,high,acc
c958,med,vhigh,5more,4,med,low,unacc
c959,med,vhigh,5more,4,med,med,acc
c960,med,vhigh,5more,4,med,high,acc
c961,med,vhigh,5more,4,big,low,unacc
c962,med,vhigh,5more,4,big,med,acc
c963,med,vhigh,5more,4,big,high,acc
c964,med,vhigh,5more,more,small,low,unacc
c965,med,vhigh,5more,more,small,med,unacc
c966,med,vhigh,5more,more,small,high,acc
c967,med,vhigh,5more,more,med,low,unacc
c968,med,vhigh,5more,more,med,med,acc
c969,med,vhigh,5more,more,med,high,acc
c970,med,vhigh,5more,more,big,low,unacc
c971,med,vhigh,5more,more,big,med,acc
c972,med,vhigh,5more,more,big,high,acc
c973,med,high,2,2,small,low,unacc
c974,med,high,2,2,small,med,unacc
c975,med,high,2,2,small,high,unacc
c976,med,high,2,2,med,low,unacc
c977,med,high,2,2,med,med,unacc
c978,med,high,2,2,med,high,unacc
c979,med,high,2,2,big,low,unacc
c980,med,high,2,2,big,med,unacc
c981,med,high,2,2,big,high,unacc
c982,med,high,2,4,small,low,unacc
c983,med,high,2,4,small,med,unacc
c984,med,high,2,4,small,high,acc
c985,med,high,2,4,med,low,unacc
c986,med,high,2,4,med,med,unacc
c987,med,high,2,4,med,high,acc
c988,med,high,2,4,big,low,unacc
c989,med,high,2,4,big,med,acc
c990,med,high,2,4,big,high,acc
c991,med,high,2,more,small,low,unacc
c992,med,high,2,more,small,med,unacc
c993,med,high,2,more,small,high,unacc
c994,med,high,2,more,med,low,unacc
c995,med,high,2,more,med,med,unacc
c996,med,high,2,more,med,high,acc
c997,med,high,2,more,big,low,unacc
c998,med,high,2,more,big,med,acc
c999,med,high,2,more,big,high,acc
c1000,med,high,3,2,small,low,unacc
c1001,med,high,3,2,small,med,unacc
c1002,med,high,3,2,small,high,unacc
c1003,med,high,3,2,med,low,unacc
c1004,med,high,3,2,med,med,unacc
c1005,med,high,3,2,med,high,unacc
c1006,med,high,3,2,big,low,unacc
c1007,med,high,3,2,big,med,unacc
c1008,med,high,3,2,big,high,unacc
c1009,med,high,3,4,small,low,unacc
c1010,med,high,3,4,small,med,unacc
c1011,med,high,3,4,small,high,acc
c1012,med,high,3,4,med,low,unacc
c1013,med,high,3,4,med,med,unacc
c1014,med,high,3,4,med,high,acc
c1015,med,high,3,4,big,low,unacc
c1016,med,high,3,4,big,med,acc
c1017,med,high,3,4,big,high,acc
c1018,med,high,3,more,small,low,unacc
c1019,med,high,3,more,small,med,unacc
c1020,med,high,3,more,small,high,acc
c1021,med,high,3,more,med,low,unacc
c1022,med,high,3,more,med,med,acc
c1023,med,high,3,more,med,high,acc
c1024,med,high,3,more,big,low,unacc
c1025,med,high,3,more,big,med,acc
c1026,med,high,3,more,big,high,acc
c1027,med,high,4,2,small,low,unacc
c1028,med,high,4,2,small,med,unacc
c1029,med,high,4,2,small,high,unacc
c1030,med,high,4,2,med,low,unacc
c1031,med,high,4,2,med,med,unacc
c1032,med,high,4,2,med,high,unacc
c1033,med,high,4,2,big,low,unacc
c1034,med,high,4,2,big,med,unacc
c1035,med,high,4,2,big,high,unacc
c1036,med,high,4,4,small,low,unacc
c1037,med,high,4,4,small,med,unacc
c1038,med,high,4,4,small,high,acc
c1039,med,high,4,4,med,low,unacc
c1040,med,high,4,4,med,med,acc
c1041,med,high,4,4,med,high,acc
c1042,med,high,4,4,big,low,unacc
c1043,med,high,4,4,big,med,acc
c1044,med,high,4,4,big,high,acc
c1045,med,high,4,more,small,low,unacc
c1046,med,high,4,more,small,med,unacc
c1047,med,high,4,more,small,high,acc
c1048,med,high,4,more,med,low,unacc
c1049,med,high,4,more,med,med,acc
c1050,med,high,4,more,med,high,acc
c1051,med,high,4,more,big,low,unacc
c1052,med,high,4,more,big,med,acc
c1053,med,high,4,more,big,high,acc
c1054,med,high,5more,2,small,low,unacc
c1055,med,high,5more,2,small,med,unacc
c1056,med,high,5more,2,small,high,unacc
c1057,med,high,5more,2,med,low,unacc
c1058,med,high,5more,2,med,med,unacc
c1059,med,high,5more,2,med,high,unacc
c1060,med,high,5more,2,big,low,unacc
c1061,med,high,5more,2,big,med,unacc
c1062,med,high,5more,2,big,high,unacc
c1063,med,high,5more,4,small,low,unacc
c1064,med,high,5more,4,small,med,unacc
c1065,med,high,5more,4,small,high,acc
c1066,med,high,5more,4,med,low,unacc
c1067,med,high,5more,4,med,med,acc
c1068,med,high,5more,4,med,high,acc
c1069,med,high,5more,4,big,low,unacc
c1070,med,high,5more,4,big,med,acc
c1071,med,high,5more,4,big,high,acc
c1072,med,high,5more,more,small,low,unacc
c1073,med,high,5more,more,small,med,unacc
c1074,med,high,5more,more,small,high,acc
c1075,med,high,5more,more,med,low,unacc
c1076,med,high,5more,more,med,med,acc
c1077,med,high,5more,more,med,high,acc
c1078,med,high,5more,more,big,low,unacc
c1079,med,high,5more,more,big,med,acc
c1080,med,high,5more,more,big,high,acc
c1081,med,med,2,2,small,low,unacc
c1082,med,med,2,2,small,med,unacc
c1083,med,med,2,2,small,high,unacc
c1084,med,med,2,2,med,low,unacc
c1085,med,med,2,2,med,med,unacc
c1086,med,med,2,2,med,high,unacc
c1087,med,med,2,2,big,low,unacc
c1088,med,med,2,2,big,med,unacc
c1089,med,med,2,2,big,high,unacc
c1090,med,med,2,4,small,low,unacc
c1091,med,med,2,4,small,med,acc
c1092,med,med,2,4,small,high,acc
c1093,med,med,2,4,med,low,unacc
c1094,med,med,2,4,med,med,acc
c1095,med,med,2,4,med,high,acc
c1096,med,med,2,4,big,low,unacc
c1097,med,med,2,4,big,med,acc
c1098,med,med,2,4,big,high,vgood
c1099,med,med,2,more,small,low,unacc
c1100,med,med,2,more,small,med,unacc
c1101,med,med,2,more,small,high,unacc
c1102,med,med,2,more,med,low,unacc
c1103,med,med,2,more,med,med,acc
c1104,med,med,2,more,med,high,acc
c1105,med,med,2,more,big,low,unacc
c1106,med,med,2,more,big,med,acc
c1107,med,med,2,more,big,high,vgood
c1108,med,med,3,2,small,low,unacc
c1109,med,med,3,2,small,med,unacc
c1110,med,med,3,2,small,high,unacc
c1111,med,med,3,2,med,low,unacc
c1112,med,med,3,2,med,med,unacc
c1113,med,med,3,2,med,high,unacc
c1114,med,med,3,2,big,low,unacc
c1115,med,med,3,2,big,med,unacc
c1116,med,med,3,2,big,high,unacc
c1117,med,med,3,4,small,low,unacc
c1118,med,med,3,4,small,med,acc
c1119,med,med,3,4,small,high,acc
c1120,med,med,3,4,med,low,unacc
c1121,med,med,3,4,med,med,acc
c1122,med,med,3,4,med,high,acc
c1123,med,med,3,4,big,low,unacc
c1124,med,med,3,4,big,med,acc
c1125,med,med,3,4,big,high,vgood
c1126,med,med,3,more,small,low,unacc
c1127,med,med,3,more,small,med,acc
c1128,med,med,3,more,small,high,acc
c1129,med,med,3,more,med,low,unacc
c1130,med,med,3,more,med,med,acc
c1131,med,med,3,more,med,high,vgood
c1132,med,med,3,more,big,low,unacc
c1133,med,med,3,more,big,med,acc
c1134,med,med,3,more,big,high,vgood
c1135,med,med,4,2,small,low,unacc
c1136,med,med,4,2,small,med,unacc
c1137,med,med,4,2,small,high,unacc
c1138,med,med,4,2,med,low,unacc
c1139,med,med,4,2,med,med,unacc
c1140,med,med,4,2,med,high,unacc
c1141,med,med,4,2,big,low,unacc
c1142,med,med,4,2,big,med,unacc
c1143,med,med,4,2,big,high,unacc
c1144,med,med,4,4,small,low,unacc
c1145,med,med,4,4,small,med,acc
c1146,med,med,4,4,small,high,acc
c1147,med,med,4,4,med,low,unacc
c1148,med,med,4,4,med,med,acc
c1149,med,med,4,4,med,high,vgood
c1150,med,med,4,4,big,low,unacc
c1151,med,med,4,4,big,med,acc
c1152,med,med,4,4,big,high,vgood
c1153,med,med,4,more,small,low,unacc
c1154,med,med,4,more,small,med,acc
c1155,med,med,4,more,small,high,acc
c1156,med,med,4,more,med,low,unacc
c1157,med,med,4,more,med,med,acc
c1158,med,med,4,more,med,high,vgood
c1159,med,med,4,more,big,low,unacc
c1160,med,med,4,more,big,med,acc
c1161,med,med,4,more,big,high,vgood
c1162,med,med,5more,2,small,low,unacc
c1163,med,med,5more,2,small,med,unacc
c1164,med,med,5more,2,small,high,unacc
c1165,med,med,5more,2,med,low,unacc
c1166,med,med,5more,2,med,med,unacc
c1167,med,med,5more,2,med,high,unacc
c1168,med,med,5more,2,big,low,unacc
c1169,med,med,5more,2,big,med,unacc
c1170,med,med,5more,2,big,high,unacc
c1171,med,med,5more,4,small,low,unacc
c1172,med,med,5more,4,small,med,acc
c1173,med,med,5more,4,small,high,acc
c1174,med,med,5more,4,med,low,unacc
c1175,med,med,5more,4,med,med,acc
c1176,med,med,5more,4,med,high,vgood
c1177,med,med,5more,4,big,low,unacc
c1178,med,med,5more,4,big,med,acc
c1179,med,med,5more,4,big,high,vgood
c1180,med,med,5more,more,small,low,unacc
c1181,med,med,5more,more,small,med,acc
c1182,med,med,5more,more,small,high,acc
c1183,med,med,5more,more,med,low,unacc
c1184,med,med,5more,more,med,med,acc
c1185,med,med,5more,more,med,high,vgood
c1186,med,med,5more,more,big,low,unacc
c1187,med,med,5more,more,big,med,acc
c1188,med,med,5more,more,big,high,vgood
c1189,med,low,2,2,small,low,unacc
c1190,med,low,2,2,small,med,unacc
c1191,med,low,2,2,small,high,unacc
c1192,med,low,2,2,med,low,unacc
c1193,med,low,2,2,med,med,unacc
c1194,med,low,2,2,med,high,unacc
c1195,med,low,2,2,big,low,unacc
c1196,med,low,2,2,big,med,unacc
c1197,med,low,2,2,big,high,unacc
c1198,med,low,2,4,small,low,unacc
c1199,med,low,2,4,small,med,acc
c1200,med,low,2,4,small,high,good
c1201,med,low,2,4,med,low,unacc
c1202,med,low,2,4,med,med,acc
c1203,med,low,2,4,med,high,good
c1204,med,low,2,4,big,low,unacc
c1205,med,low,2,4,big,med,good
c1206,med,low,2,4,big,high,vgood
c1207,med,low,2,more,small,low,unacc
c1208,med,low,2,more,small,med,unacc
c1209,med,low,2,more,small,high,unacc
c1210,med,low,2,more,med,low,unacc
c1211,med,low,2,more,med,med,acc
c1212,med,low,2,more,med,high,good
c1213,med,low,2,more,big,low,unacc
c1214,med,low,2,more,big,med,good
c1215,med,low,2,more,big,high,vgood
c1216,med,low,3,2,small,low,unacc
c1217,med,low,3,2,small,med,unacc
c1218,med,low,3,2,small,high,unacc
c1219,med,low,3,2,med,low,unacc
c1220,med,low,3,2,med,med,unacc
c1221,med,low,3,2,med,high,unacc
c1222,med,low,3,2,big,low,unacc
c1223,med,low,3,2,big,med,unacc
c1224,med,low,3,2,big,high,unacc
c1225,med,low,3,4,small,low,unacc
c1226,med,low,3,4,small,med,acc
c1227,med,low,3,4,small,high,good
c1228,med,low,3,4,med,low,unacc
c1229,med,low,3,4,med,med,acc
c1230,med,low,3,4,med,high,good
c1231,med,low,3,4,big,low,unacc
c1232,med,low,3,4,big,med,good
c1233,med,low,3,4,big,high,vgood
c1234,med,low,3,more,small,low,unacc
c1235,med,low,3,more,small,med,acc
c1236,med,low,3,more,small,high,good
c1237,med,low,3,more,med,low,unacc
c1238,med,low,3,more,med,med,good
c1239,med,low,3,more,med,high,vgood
c1240,med,low,3,more,big,low,unacc
c1241,med,low,3,more,big,med,good
c1242,med,low,3,more,big,high,vgood
c1243,med,low,4,2,small,low,unacc
c1244,med,low,4,2,small,med,unacc
c1245,med,low,4,2,small,high,unacc
c1246,med,low,4,2,med,low,unacc
c1247,med,low,4,2,med,med,unacc
c1248,med,low,4,2,med,high,unacc
c1249,med,low,4,2,big,low,unacc
c1250,med,low,4,2,big,med,unacc
c1251,med,low,4,2,big,high,unacc
c1252,med,low,4,4,small,low,unacc
c1253,med,low,4,4,small,med,acc
c1254,med,low,4,4,small,high,good
c1255,med,low,4,4,med,low,unacc
c1256,med,low,4,4,med,med,good
c1257,med,low,4,4,med,high,vgood
c1258,med,low,4,4,big,low,unacc
c1259,med,low,4,4,big,med,good
c1260,med,low,4,4,big,high,vgood
c1261,med,low,4,more,small,low,unacc
c1262,med,low,4,more,small,med,acc
c1263,med,low,4,more,small,high,good
c1264,med,low,4,more,med,low,unacc
c1265,med,low,4,more,med,med,good
c1266,med,low,4,more,med,high,vgood
c1267,med,low,4,more,big,low,unacc
c1268,med,low,4,more,big,med,good
c1269,med,low,4,more,big,high,vgood
c1270,med,low,5more,2,small,low,unacc
c1271,med,low,5more,2,small,med,unacc
c1272,med,low,5more,2,small,high,unacc
c1273,med,low,5more,2,med,low,unacc
c1274,med,low,5more,2,med,med,unacc
c1275,med,low,5more,2,med,high,unacc
c1276,med,low,5more,2,big,low,unacc
c1277,med,low,5more,2,big,med,unacc
c1278,med,low,5more,2,big,high,unacc
c1279,med,low,5more,4,small,low,unacc
c1280,med,low,5more,4,small,med,acc
c1281,med,low,5more,4,small,high,good
c1282,med,low,5more,4,med,low,unacc
c1283,med,low,5more,4,med,med,good
c1284,med,low,5more,4,med,high,vgood
c1285,med,low,5more,4,big,low,unacc
c1286,med,low,5more,4,big,med,good
c1287,med,low,5more,4,big,high,vgood
c1288,med,low,5more,more,small,low,unacc
c1289,med,low,5more,more,small,med,acc
c1290,med,low,5more,more,small,high,good
c1291,med,low,5more,more,med,low,unacc
c1292,med,low,5more,more,med,med,good
c1293,med,low,5more,more,med,high,vgood
c1294,med,low,5more,more,big,low,unacc
c1295,med,low,5more,more,big,med,good
c1296,med,low,5more,more,big,high,vgood
c1297,low,vhigh,2,2,small,low,unacc
c1298,low,vhigh,2,2,small,med,unacc
c1299,low,vhigh,2,2,small,high,unacc
c1300,low,vhigh,2,2,med,low,unacc
c1301,low,vhigh,2,2,med,med,unacc
c1302,low,vhigh,2,2,med,high,unacc
c1303,low,vhigh,2,2,big,low,unacc
c1304,low,vhigh,2,2,big,med,unacc
c1305,low,vhigh,2,2,big,high,unacc
c1306,low,vhigh,2,4,small,low,unacc
c1307,low,vhigh,2,4,small,med,unacc
c1308,low,vhigh,2,4,small,high,acc
c1309,low,vhigh,2,4,med,low,unacc
c1310,low,vhigh,2,4,med,med,unacc
c1311,low,vhigh,2,4,med,high,acc
c1312,low,vhigh,2,4,big,low,unacc
c1313,low,vhigh,2,4,big,med,acc
c1314,low,vhigh,2,4,big,high,acc
c1315,low,vhigh,2,more,small,low,unacc
c1316,low,vhigh,2,more,small,med,unacc
c1317,low,vhigh,2,more,small,high,unacc
c1318,low,vhigh,2,more,med,low,unacc
c1319,low,vhigh,2,more,med,med,unacc
c1320,low,vhigh,2,more,med,high,acc
c1321,low,vhigh,2,more,big,low,unacc
c1322,low,vhigh,2,more,big,med,acc
c1323,low,vhigh,2,more,big,high,acc
c1324,low,vhigh,3,2,small,low,unacc
c1325,low,vhigh,3,2,small,med,unacc
c1326,low,vhigh,3,2,small,high,unacc
c1327,low,vhigh,3,2,med,low,unacc
c1328,low,vhigh,3,2,med,med,unacc
c1329,low,vhigh,3,2,med,high,unacc
c1330,low,vhigh,3,2,big,low,unacc
c1331,low,vhigh,3,2,big,med,unacc
c1332,low,vhigh,3,2,big,high,unacc
c1333,low,vhigh,3,4,small,low,unacc
c1334,low,vhigh,3,4,small,med,unacc
c1335,low,vhigh,3,4,small,high,acc
c1336,low,vhigh,3,4,med,low,unacc
c1337,low,vhigh,3,4,med,med,unacc
c1338,low,vhigh,3,4,med,high,acc
c1339,low,vhigh,3,4,big,low,unacc
c1340,low,vhigh,3,4,big,med,acc
c1341,low,vhigh,3,4,big,high,acc
c1342,low,vhigh,3,more,small,low,unacc
c1343,low,vhigh,3,more,small,med,unacc
c1344,low,vhigh,3,more,small,high,acc
c1345,low,vhigh,3,more,med,low,unacc
c1346,low,vhigh,3,more,med,med,acc
c1347,low,vhigh,3,more,med,high,acc
c1348,low,vhigh,3,more,big,low,unacc
c1349,low,vhigh,3,more,big,med,acc
c1350,low,vhigh,3,more,big,high,acc
c1351,low,vhigh,4,2,small,low,unacc
c1352,low,vhigh,4,2,small,med,unacc
c1353,low,vhigh,4,2,small,high,unacc
c1354,low,vhigh,4,2,med,low,unacc
c1355,low,vhigh,4,2,med,med,unacc
c1356,low,vhigh,4,2,med,high,unacc
c1357,low,vhigh,4,2,big,low,unacc
c1358,low,vhigh,4,2,big,med,unacc
c1359,low,vhigh,4,2,big,high,unacc
c1360,low,vhigh,4,4,small,low,unacc
c1361,low,vhigh,4,4,small,med,unacc
c1362,low,vhigh,4,4,small,high,acc
c1363,low,vhigh,4,4,med,low,unacc
c1364,low,vhigh,4,4,med,med,acc
c1365,low,vhigh,4,4,med,high,acc
c1366,low,vhigh,4,4,big,low,unacc
c1367,low,vhigh,4,4,big,med,acc
c1368,low,vhigh,4,4,big,high,acc
c1369,low,vhigh,4,more,small,low,unacc
c1370,low,vhigh,4,more,small,med,unacc
c1371,low,vhigh,4,more,small,high,acc
c1372,low,vhigh,4,more,med,low,unacc
c1373,low,vhigh,4,more,med,med,acc
c1374,low,vhigh,4,more,med,high,acc
c1375,low,vhigh,4,more,big,low,unacc
c1376,low,vhigh,4,more,big,med,acc
c1377,low,vhigh,4,more,big,high,acc
c1378,low,vhigh,5more,2,small,low,unacc
c1379,low,vhigh,5more,2,small,med,unacc
c1380,low,vhigh,5more,2,small,high,unacc
c1381,low,vhigh,5more,2,med,low,unacc
c1382,low,vhigh,5more,2,med,med,unacc
c1383,low,vhigh,5more,2,med,high,unacc
c1384,low,vhigh,5more,2,big,low,unacc
c1385,low,vhigh,5more,2,big,med,unacc
c1386,low,vhigh,5more,2,big,high,unacc
c1387,low,vhigh,5more,4,small,low,unacc
c1388,low,vhigh,5more,4,small,med,unacc
c1389,low,vhigh,5more,4,small,high,acc
c1390,low,vhigh,5more,4,med,low,unacc
c1391,low,vhigh,5more,4,med,med,acc
c1392,low,vhigh,5more,4,med,high,acc
c1393,low,vhigh,5more,4,big,low,unacc
c1394,low,vhigh,5more,4,big,med,acc
c1395,low,vhigh,5more,4,big,high,acc
c1396,low,vhigh,5more,more,small,low,unacc
c1397,low,vhigh,5more,more,small,med,unacc
c1398,low,vhigh,5more,more,small,high,acc
c1399,low,vhigh,5more,more,med,low,unacc
c1400,low,vhigh,5more,more,med,med,acc
c1401,low,vhigh,5more,more,med,high,acc
c1402,low,vhigh,5more,more,big,low,unacc
c1403,low,vhigh,5more,more,big,med,acc
c1404,low,vhigh,5more,more,big,high,acc
c1405,low,high,2,2,small,low,unacc
c1406,low,high,2,2,small,med,unacc
c1407,low,high,2,2,small,high,unacc
c1408,low,high,2,2,med,low,unacc
c1409,low,high,2,2,med,med,unacc
c1410,low,high,2,2,med,high,unacc
c1411,low,high,2,2,big,low,unacc
c1412,low,high,2,2,big,med,unacc
c1413,low,high,2,2,big,high,unacc
c1414,low,high,2,4,small,low,unacc
c1415,low,high,2,4,small,med,acc
c1416,low,high,2,4,small,high,acc
c1417,low,high,2,4,med,low,unacc
c1418,low,high,2,4,med,med,acc
c1419,low,high,2,4,med,high,acc
c1420,low,high,2,4,big,low,unacc
c1421,low,high,2,4,big,med,acc
c1422,low,high,2,4,big,high,vgood
c1423,low,high,2,more,small,low,unacc
c1424,low,high,2,more,small,med,unacc
c1425,low,high,2,more,small,high,unacc
c1426,low,high,2,more,med,low,unacc
c1427,low,high,2,more,med,med,acc
c1428,low,high,2,more,med,high,acc
c1429,low,high,2,more,big,low,unacc
c1430,low,high,2,more,big,med,acc
c1431,low,high,2,more,big,high,vgood
c1432,low,high,3,2,small,low,unacc
c1433,low,high,3,2,small,med,unacc
c1434,low,high,3,2,small,high,unacc
c1435,low,high,3,2,med,low,unacc
c1436,low,high,3,2,med,med,unacc
c1437,low,high,3,2,med,high,unacc
c1438,low,high,3,2,big,low,unacc
c1439,low,high,3,2,big,med,unacc
c1440,low,high,3,2,big,high,unacc
c1441,low,high,3,4,small,low,unacc
c1442,low,high,3,4,small,med,acc
c1443,low,high,3,4,small,high,acc
c1444,low,high,3,4,med,low,unacc
c1445,low,high,3,4,med,med,acc
c1446,low,high,3,4,med,high,acc
c1447,low,high,3,4,big,low,unacc
c1448,low,high,3,4,big,med,acc
c1449,low,high,3,4,big,high,vgood
c1450,low,high,3,more,small,low,unacc
c1451,low,high,3,more,small,med,acc
c1452,low,high,3,more,small,high,acc
c1453,low,high,3,more,med,low,unacc
c1454,low,high,3,more,med,med,acc
c1455,low,high,3,more,med,high,vgood
c1456,low,high,3,more,big,low,unacc
c1457,low,high,3,more,big,med,acc
c1458,low,high,3,more,big,high,vgood
c1459,low,high,4,2,small,low,unacc
c1460,low,high,4,2,small,med,unacc
c1461,low,high,4,2,small,high,unacc
c1462,low,high,4,2,med,low,unacc
c1463,low,high,4,2,med,med,unacc
c1464,low,high,4,2,med,high,unacc
c1465,low,high,4,2,big,low,unacc
c1466,low,high,4,2,big,med,unacc
c1467,low,high,4,2,big,high,unacc
c1468,low,high,4,4,small,low,unacc
c1469,low,high,4,4,small,med,acc
c1470,low,high,4,4,small,high,acc
c1471,low,high,4,4,med,low,unacc
c1472,low,high,4,4,med,med,acc
c1473,low,high,4,4,med,high,vgood
c1474,low,high,4,4,big,low,unacc
c1475,low,high,4,4,big,med,acc
c1476,low,high,4,4,big,high,vgood
c1477,low,high,4,more,small,low,unacc
c1478,low,high,4,more,small,med,acc
c1479,low,high,4,more,small,high,acc
c1480,low,high,4,more,med,low,unacc
c1481,low,high,4,more,med,med,acc
c1482,low,high,4,more,med,high,vgood
c1483,low,high,4,more,big,low,unacc
c1484,low,high,4,more,big,med,acc
c1485,low,high,4,more,big,high,vgood
c1486,low,high,5more,2,small,low,unacc
c1487,low,high,5more,2,small,med,unacc
c1488,low,high,5more,2,small,high,unacc
c1489,low,high,5more,2,med,low,unacc
c1490,low,high,5more,2,med,med,unacc
c1491,low,high,5more,2,med,high,unacc
c1492,low,high,5more,2,big,low,unacc
c1493,low,high,5more,2,big,med,unacc
c1494,low,high,5more,2,big,high,unacc
c1495,low,high,5more,4,small,low,unacc
c1496,low,high,5more,4,small,med,acc
c1497,low,high,5more,4,small,high,acc
c1498,low,high,5more,4,med,low,unacc
c1499,low,high,5more,4,med,med,acc
c1500,low,high,5more,4,med,high,vgood
c1501,low,high,5more,4,big,low,unacc
c1502,low,high,5more,4,big,med,acc
c1503,low,high,5more,4,big,high,vgood
c1504,low,high,5more,more,small,low,unacc
c1505,low,high,5more,more,small,med,acc
c1506,low,high,5more,more,small,high,acc
c1507,low,high,5more,more,med,low,unacc
c1508,low,high,5more,more,med,med,acc
c1509,low,high,5more,more,med,high,vgood
c1510,low,high,5more,more,big,low,unacc
c1511,low,high,5more,more,big,med,acc
c1512,low,high,5more,more,big,high,vgood
c1513,low,med,2,2,small,low,unacc
c1514,low,med,2,2,small,med,unacc
c1515,low,med,2,2,small,high,unacc
c1516,low,med,2,2,med,low,unacc
c1517,low,med,2,2,med,med,unacc
c1518,low,med,2,2,med,high,unacc
c1519,low,med,2,2,big,low,unacc
c1520,low,med,2,2,big,med,unacc
c1521,low,med,2,2,big,high,unacc
c1522,low,med,2,4,small,low,unacc
c1523,low,med,2,4,small,med,acc
c1524,low,med,2,4,small,high,good
c1525,low,med,2,4,med,low,unacc
c1526,low,med,2,4,med,med,acc
c1527,low,med,2,4,med,high,good
c1528,low,med,2,4,big,low,unacc
c1529,low,med,2,4,big,med,good
c1530,low,med,2,4,big,high,vgood
c1531,low,med,2,more,small,low,unacc
c1532,low,med,2,more,small,med,unacc
c1533,low,med,2,more,small,high,unacc
c1534,low,med,2,more,med,low,unacc
c1535,low,med,2,more,med,med,acc
c1536,low,med,2,more,med,high,good
c1537,low,med,2,more,big,low,unacc
c1538,low,med,2,more,big,med,good
c1539,low,med,2,more,big,high,vgood
c1540,low,med,3,2,small,low,unacc
c1541,low,med,3,2,small,med,unacc
c1542,low,med,3,2,small,high,unacc
c1543,low,med,3,2,med,low,unacc
c1544,low,med,3,2,med,med,unacc
c1545,low,med,3,2,med,high,unacc
c1546,low,med,3,2,big,low,unacc
c1547,low,med,3,2,big,med,unacc
c1548,low,med,3,2,big,high,unacc
c1549,low,med,3,4,small,low,unacc
c1550,low,med,3,4,small,med,acc
c1551,low,med,3,4,small,high,good
c1552,low,med,3,4,med,low,unacc
c1553,low,med,3,4,med,med,acc
c1554,low,med,3,4,med,high,good
c1555,low,med,3,4,big,low,unacc
c1556,low,med,3,4,big,med,good
c1557,low,med,3,4,big,high,vgood
c1558,low,med,3,more,small,low,unacc
c1559,low,med,3,more,small,med,acc
c1560,low,med,3,more,small,high,good
c1561,low,med,3,more,med,low,unacc
c1562,low,med,3,more,med,med,good
c1563,low,med,3,more,med,high,vgood
c1564,low,med,3,more,big,low,unacc
c1565,low,med,3,more,big,med,good
c1566,low,med,3,more,big,high,vgood
c1567,low,med,4,2,small,low,unacc
c1568,low,med,4,2,small,med,unacc
c1569,low,med,4,2,small,high,unacc
c1570,low,med,4,2,med,low,unacc
c1571,low,med,4,2,med,med,unacc
c1572,low,med,4,2,med,high,unacc
c1573,low,med,4,2,big,low,unacc
c1574,low,med,4,2,big,med,unacc
c1575,low,med,4,2,big,high,unacc
c1576,low,med,4,4,small,low,unacc
c1577,low,med,4,4,small,med,acc
c1578,low,med,4,4,small,high,good
c1579,low,med,4,4,med,low,unacc
c1580,low,med,4,4,med,med,good
c1581,low,med,4,4,med,high,vgood
c1582,low,med,4,4,big,low,unacc
c1583,low,med,4,4,big,med,good
c1584,low,med,4,4,big,high,vgood
c1585,low,med,4,more,small,low,unacc
c1586,low,med,4,more,small,med,acc
c1587,low,med,4,more,small,high,good
c1588,low,med,4,more,med,low,unacc
c1589,low,med,4,more,med,med,good
c1590,low,med,4,more,med,high,vgood
c1591,low,med,4,more,big,low,unacc
c1592,low,med,4,more,big,med,good
c1593,low,med,4,more,big,high,vgood
c1594,low,med,5more,2,small,low,unacc
c1595,low,med,5more,2,small,med,unacc
c1596,low,med,5more,2,small,high,unacc
c1597,low,med,5more,2,med,low,unacc
c1598,low,med,5more,2,med,med,unacc
c1599,low,med,5more,2,med,high,unacc
c1600,low,med,5more,2,big,low,unacc
c1601,low,med,5more,2,big,med,unacc
c1602,low,med,5more,2,big,high,unacc
c1603,low,med,5more,4,small,low,unacc
c1604,low,med,5more,4,small,med,acc
c1605,low,med,5more,4,small,high,good
c1606,low,med,5more,4,med,low,unacc
c1607,low,med,5more,4,med,med,good
c1608,low,med,5more,4,med,high,vgood
c1609,low,med,5more,4,big,low,unacc
c1610,low,med,5more,4,big,med,good
c1611,low,med,5more,4,big,high,vgood
c1612,low,med,5more,more,small,low,unacc
c1613,low,med,5more,more,small,med,acc
c1614,low,med,5more,more,small,high,good
c1615,low,med,5more,more,med,low,unacc
c1616,low,med,5more,more,med,med,good
c1617,low,med,5more,more,med,high,vgood
c1618,low,med,5more,more,big,low,unacc
c1619,low,med,5more,more,big,med,good
c1620,low,med,5more,more,big,high,vgood
c1621,low,low,2,2,small,low,unacc
c1622,low,low,2,2,small,med,unacc
c1623,low,low,2,2,small,high,unacc
c1624,low,low,2,2,med,low,unacc
c1625,low,low,2,2,med,med,unacc
c1626,low,low,2,2,med,high,unacc
c1627,low,low,2,2,big,low,unacc
c1628,low,low,2,2,big,med,unacc
c1629,low,low,2,2,big,high,unacc
c1630,low,low,2,4,small,low,unacc
c1631,low,low,2,4,small,med,acc
c1632,low,low,2,4,small,high,good
c1633,low,low,2,4,med,low,unacc
c1634,low,low,2,4,med,med,acc
c1635,low,low,2,4,med,high,good
c1636,low,low,2,4,big,low,unacc
c1637,low,low,2,4,big,med,good
c1638,low,low,2,4,big,high,vgood
c1639,low,low,2,more,small,low,unacc
c1640,low,low,2,more,small,med,unacc
c1641,low,low,2,more,small,high,unacc
c1642,low,low,2,more,med,low,unacc
c1643,low,low,2,more,med,med,acc
c1644,low,low,2,more,med,high,good
c1645,low,low,2,more,big,low,unacc
c1646,low,low,2,more,big,med,good
c1647,low,low,2,more,big,high,vgood
c1648,low,low,3,2,small,low,unacc
c1649,low,low,3,2,small,med,unacc
c1650,low,low,3,2,small,high,unacc
c1651,low,low,3,2,med,low,unacc
c1652,low,low,3,2,med,med,unacc
c1653,low,low,3,2,med,high,unacc
c1654,low,low,3,2,big,low,unacc
c1655,low,low,3,2,big,med,unacc
c1656,low,low,3,2,big,high,unacc
c1657,low,low,3,4,small,low,unacc
c1658,low,low,3,4,small,med,acc
c1659,low,low,3,4,small,high,good
c1660,low,low,3,4,med,low,unacc
c1661,low,low,3,4,med,med,acc
c1662,low,low,3,4,med,high,good
c1663,low,low,3,4,big,low,unacc
c1664,low,low,3,4,big,med,good
c1665,low,low,3,4,big,high,vgood
c1666,low,low,3,more,small,low,unacc
c1667,low,low,3,more,small,med,acc
c1668,low,low,3,more,small,high,good
c1669,low,low,3,more,med,low,unacc
c1670,low,low,3,more,med,med,good
c1671,low,low,3,more,med,high,vgood
c1672,low,low,3,more,big,low,unacc
c1673,low,low,3,more,big,med,good
c1674,low,low,3,more,big,high,vgood
c1675,low,low,4,2,small,low,unacc
c1676,low,low,4,2,small,med,unacc
c1677,low,low,4,2,small,high,unacc
c1678,low,low,4,2,med,low,unacc
c1679,low,low,4,2,med,med,unacc
c1680,low,low,4,2,med,high,unacc
c1681,low,low,4,2,big,low,unacc
c1682,low,low,4,2,big,med,unacc
c1683,low,low,4,2,big,high,unacc
c1684,low,low,4,4,small,low,unacc
c1685,low,low,4,4,small,med,acc
c1686,low,low,4,4,small,high,good
c1687,low,low,4,4,med,low,unacc
c1688,low,low,4,4,med,med,good
c1689,low,low,4,4,med,high,vgood
c1690,low,low,4,4,big,low,unacc
c1691,low,low,4,4,big,med,good
c1692,low,low,4,4,big,high,vgood
c1693,low,low,4,more,small,low,unacc
c1694,low,low,4,more,small,med,acc
c1695,low,low,4,more,small,high,good
c1696,low,low,4,more,med,low,unacc
c1697,low,low,4,more,med,med,good
c1698,low,low,4,more,med,high,vgood
c1699,low,low,4,more,big,low,unacc
c1700,low,low,4,more,big,med,good
c1701,low,low,4,more,big,high,vgood
c1702,low,low,5more,2,small,low,unacc
c1703,low,low,5more,2,small,med,unacc
c1704,low,low,5more,2,small,high,unacc
c1705,low,low,5more,2,med,low,unacc
c1706,low,low,5more,2,med,med,unacc
c1707,low,low,5more,2,med,high,unacc
c1708,low,low,5more,2,big,low,unacc
c1709,low,low,5more,2,big,med,unacc
c1710,low,low,5more,2,big,high,unacc
c1711,low,low,5more,4,small,low,unacc
c1712,low,low,5more,4,small,med,acc
c1713,low,low,5more,4,small,high,good
c1714,low,low,5more,4,med,low,unacc
c1715,low,low,5more,4,med,med,good
c1716,low,low,5more,4,med,high,vgood
c1717,low,low,5more,4,big,low,unacc
c1718,low,low,5more,4,big,med,good
c1719,low,low,5more,4,big,high,vgood
c1720,low,low,5more,more,small,low,unacc
c1721,low,low,5more,more,small,med,acc
c1722,low,low,5more,more,small,high,good
c1723,low,low,5more,more,med,low,unacc
c1724,low,low,5more,more,med,med,good
c1725,low,low,5more,more,med,high,vgood
c1726,low,low,5more,more,big,low,unacc
c1727,low,low,5more,more,big,med,good
c1728,low,low,5more,more,big,high,vgood
